{"cameraMode":{"drawMode":0,"name":"Shaded","section":"Shading Mode"},"sceneLighting":true,"audioPlay":false,"sceneViewState":{"m_AlwaysRefresh":false,"showFog":true,"showSkybox":true,"showFlares":true,"showImageEffects":true,"showParticleSystems":true,"showVisualEffectGraphs":true,"m_FxEnabled":true},"in2DMode":false,"pivot":{"x":0.12398745864629746,"y":2.413566827774048,"z":-1.950122594833374},"rotation":{"x":0.1692846566438675,"y":0.05762013420462608,"z":-0.009914441965520382,"w":0.9838312864303589},"size":0.4738825857639313,"orthographic":false}